普惠 成人醫用口罩 雙鋼印-珊糊粉(25入/盒) | 醫療口罩 | Yahoo奇摩購物中心
蝦皮購物 | \t花得更少買得更好
【JoyNa】兒童洗澡戲水玩具 上下旋轉舀水戲水筒
現貨 新樂新植物大戰殭屍合體變形拼裝動漫手辦模型玩具機甲巨人全套裝 | 蝦皮購物
【李亭香】經典花生拌糖DIY 在家可玩可吃 | 蝦皮購物
韓國代購～ 農心 甜米米 80g/包 | 蝦皮購物
林一峰/思源
荷蘭New Classic Toys 實習小醫生遊戲組 - 18291 | 職業/角色遊戲 | Yahoo奇摩購物中心
【樂和居】薇閣4X7尺推門衣櫃(兩色可選)
台灣發貨 口罩延長 口罩耳繩延長 口罩掛鉤 口罩神器 硅膠防勒耳 口罩延長神器 耳掛鉤 成人頭戴式 口罩減壓帶 可調節護 | 蝦皮購物
【Tiger Family】學院風超輕量護脊書包-多款(130-150CM適用)
BLADE藍光消毒噴霧槍 現貨 當天出貨 台灣公司貨 消毒噴霧 防疫用品 酒精噴槍 殺菌噴霧【刀鋒】 - blade | Rakuten樂天市場
【ASUS 華碩】VivoPC VC66-C2107UPAA i7 八核迷你電腦(i7-10700/8G/512G SSD/Win10)
Brother TZe-251 護貝標籤帶 ( 24mm 白底黑字 ) | 墨水/碳粉/標籤帶 | Yahoo奇摩購物中心
【HUAWEI 華為】WATCH Fit 1.64吋 曜石黑
李施德霖健康亮白除菌漱口水 250ml[買1送1][下單1出貨2] | 蝦皮購物
矽膠防燙手套 隔熱手套 防燙手套 烘焙手套 耐熱手套 矽膠手套 廚房手套 防滑手套 電鍋手套 廚房防燙手 防燙 | 蝦皮購物
韓國 Novita 諾維達智能洗淨便座BI-304ST
【桐趣】文創木作面紙盒
【hoi! 好好生活】林氏木業北歐簡約小戶型0.8M衣櫃 LS214-白色
金士頓 Kingston A2000 500G NVMe PCIe 固態硬碟 (SA2000M8/500G)
小黑熊形狀遊戲書――圓形 三角形 正方形（中英雙語）
Merissa 3~12歲成長型汽座(二合一椅背/增高墊模式)|成長型
JINS x Pokémon 寶可夢聯名金屬眼鏡(AUMF21S017)-波士頓框_菊草葉款
【法國ALGOVITAL】BIO茶樹單方精油
【法國ALGOVITAL】BIO指甲修護精油x2+柯諾普卡光采緊膚護手霜超值組
[JF壓克力]透明壓克力裁切　透明壓克力板　可客製化尺寸　壓克力 | 蝦皮購物
以色列 Yookidoo｜品牌館｜媽咪愛
【桐趣】風雅硯實木三抽文件櫃-桌上型
SEGA Astro City Mini大型街機 復刻迷你電玩機台+三件組(台灣公司貨)
【Fabriano】Accademia繪圖本 Drawing,200G,29.7X42,30張,線圈 (素描/水彩)
【USAMS】TYPE-C 快充傳輸線 環保液態矽膠 充電線 數據線 (有指示燈)2A電流-1M 薰衣草紫
【HOME chef】日本製 不沾鍋琺瑯鍋耐熱寬鍋鏟/煎魚鏟
(臺灣製造)大流量四分頭六分管鋼絲軟管 | 蝦皮購物
BFFECT 美白保濕3入組 | 蝦皮購物
【GOODYEAR 固特異】Eagle EfficientGrip ROF 失壓續跑輪胎_四入組_235/45/19(車麗屋)
【文創集】蜜拉  現代灰亞麻布三人沙發/沙發床(拉合式機能設計)
［想樂］『周邊』全新 樂高 Lego TOB19 LED 手電筒 夜燈 小丑 | 蝦皮購物
韓國Metal lock 方形不鏽鋼保鮮盒2000ml-淺型｜保鮮盒/儲物｜特力家購物網
【ViewSonic 優派】VX2476-SH 24型 IPS無邊框顯示器
茶屋樂 將軍牛蒡茶 5公克 X 60包 | 其他養生沖泡飲品 | Yahoo奇摩購物中心
[ 現貨/新款預購 ]日本 UNIQLO X KAWS 男版聯名T恤 托特袋2021新版新上市🔥現正預購中！ | 蝦皮購物
ADATA威剛 HM800 6TB 3.5吋外接硬碟
【台灣現貨 免運 有成品】編織包材料包 泡芙花瓣包 包包材料包 手工編織包 編織DIY材料包 手提包 單肩包 手工藝品 | 蝦皮購物
韓國 darda 爆米花 奶油大蒜 玉米濃湯 電影爆米花 爆米花零食包 韓國零食 40g/包 四包組合價 [蝦皮團購] | 蝦皮購物
【Mavis 瑪薇絲】銀離子冰絲防夾臀內褲/冰絲內褲/無痕內褲/三角內褲(買4送4超值8件組)
360°旋轉蜘蛛人平衡車 美國隊長萬向車 電動平衡車玩具 燈光音樂玩具車  兒童玩具 卡通玩具 | 蝦皮購物
HDMI to HDMI (公對公) 2.0版 鍍金接頭影音傳輸編織連接線 支援4K高畫質 3D 3米圓線
Sweet Home【3+4套書】首刷贈限量「欲望卡」 －金石堂
沼澤女孩
歐洲原裝Delia奇蹟逆時極效精萃好評加碼組-獨|抗齡
Synology群暉科技 DS620slim 6Bay NAS網路儲存伺服器
【MAYSKIN優若美】隱形痘痘貼組合(伶巧薄28入*1+薄透型21入*2+吸收型12入*1)
歐洲原裝Delia頂級抗皺霜好評加碼組|抗齡
《日本YOSHIKIN》具良治GLOBAL專業麵包刀22CM(G-9) － 松果購物
【獨家上市】iPhone iPad 數位影音擴充基座 Lightning 擴充 HDMI / USB 隨身碟 滑鼠 鍵盤
收納櫃/置物架 查德木製加寬四層架(5色) 完美主義 【F0040】 - 完美主義居家生活館官方直營 | Rakuten樂天市場
【NIKE 耐吉】籃球鞋 男鞋 運動鞋 AJ 喬丹 Air Jordan 1 Retro 高筒 黑棕 555088-033
MSI Thin GF75 10UEK-068TW 黑(i7-10750H/16G/1TB SSD/RTX3060 6G/17.3” FHD/Win10)電競
【IF】(5入)2.54mm 排針 8pin 180度 DIP 8P PIN HEADER | 蝦皮購物
SAMPO 聲寶 三公升 多功能料理鍋 電火鍋 美食鍋 快煮鍋 宿舍鍋  TQ-B19301CL
現貨💎L'Occitane 歐舒丹 乳油木潤唇膏 5g | 蝦皮購物
HH護幼安超次氯除菌液(150ppm)350ml+50ml
CLARE 316陶瓷全鋼保溫杯-500ml-玫瑰金
【鋼普拉】現貨 BANDAI 鋼彈W HIRM MG WING GUNDAM ZERO EW 天使鋼彈 飛翼零式鋼彈 | 蝦皮購物
【勳風】二合一充電式手電筒捕蚊燈(HF-D226U  露營必備)
莎薇-Air Cool 平口 B-C 罩杯蕾絲內衣(藍)Win Cool冰涼紗 | 無痕內衣 | Yahoo奇摩購物中心
【Amos】超穩耐重鐵力士+輪 91x46x187五層增高置物架/收納層架
為了夢中見到的那孩子（６） －金石堂
Tefal 特福高速熱能營養調理機 (寶寶副食品/豆漿機)贈寶寶副食品玻璃調理盒230mlx3入
真藏館] Starbucks 星巴克 2011 日本北海道Hokkaido區域限定城市馬克杯(400ml) | 蝦皮購物
Synology群暉科技 RT2600ac 路由器
【YUDA 生活美學】美化4X7尺六分木心板 拉門/新竹以北免運費
JINS x Pokémon 寶可夢聯名眼鏡(AUCF21S002)-限定款_木紋灰棕
花型洗衣機飄浮濾網-通用式洗衣過濾網超值4入贈洗衣球護洗球Kiret
IELTS vocabulary雅思單字一擊必殺
春風 單抽式正方形抽取衛生紙250抽/48包/箱 - JS巨盛 | Rakuten樂天市場
石臼碾磨-茉莉義大利直麵#15-500g
lestar 創意TPR軟膠隙縫馬桶刷-壁掛/落地雙用款
【亞培】安素高鈣鈣強化配方-香草少甜口味237ml x24入(均衡營養、增強體力、幫助肌肉生長)
惠而浦32公升/日除濕機WDEE70AW｜清淨除濕｜特力家購物網
【台灣現貨 免運】釘子畫 弦絲畫 纏繞畫 手工DIY 手作材料包 釘線畫 編織 手作 相框 居家裝飾 | 蝦皮購物
SONY Xperia 1 II
⭐ BALENCIAGA 棗紅色皮革金釦手提肩背兩用Part Time機車包【九成新展示品半價出清-已經過專業臭氧紫外線清潔】|City/機車包
【Tiger Family】學院風護童安全燈超輕量護脊書包-多款(護童安全燈 三段變化)
附發票 現貨 淨新兒童立體口罩 淨新口罩  口罩台灣製/兒童立體口罩/兒童口罩 | 蝦皮購物
【Tefal 特福】高速熱能營養調理機BL961570
雖然店長少根筋 (獨家書衣版)
與神對話系列(共3冊)
改善情緒障礙的腸道食療聖經：自閉、憂鬱、過動等，許多心理症候群兒童都有消化問題！
【CHIMEI奇美】無線多功能吸塵器(吸吹兩用) VC-HC4LS0｜生活清潔｜特力家購物網
Richmond&Finch RF瑞典手機殼 - 花式叢林 (iPhone 12 mini 5.4吋)
HERAN禾聯 槍型無線手持吸塵器 14R1S-HVC｜生活清潔｜特力屋．特力家購物網
米缸 米甕 好禮二重送》100%台灣製【好瓷尚】5/10/20/30/50台斤 陶瓷米缸 聚寶盆 入厝禮 新居 米桶 | 蝦皮購物
韓國Metal lock方形不鏽鋼保鮮盒2000ml-淺型-friDay購物
【小美電器】防護衣 防疫服 隔離衣(台灣製造)-momo摩天商城
百佳諾乾濕多功能直立/手持乾濕兩用無線吸塵器BZ-VC006｜生活清潔｜特力家購物網
CHIMEI奇美 手持強力氣旋吸塵器PLUS VC-HMDPH0｜生活清潔｜特力家購物網
【MacBook】四合一 支援4K Type C to HDMI USB3.0/PD充電 傳輸擴充轉接集線器
多肉植物栽培大全：品種介紹‧四季管理‧Q&A新手問答
含發票⭐台灣出貨⭐通用快拆車縫矽膠錶帶⭐16182022mmDW三星CK蘋果華米動手錶皮錶帶手錶配件智能手環智慧手錶錶帶 | 蝦皮購物
奇美手持多功能強力氣旋吸塵器VC-HB1PH0｜生活家電｜HOLA．特力家購物網